设定,MSE_w,RPV_annual,Turnover,Sharpe_net
完整,2.3006e-05,0.009846,0.3854,-0.0733
无外部,2.3984e-05,0.010697,0.2957,-0.0123
无网络,2.2902e-05,0.01026,0.3671,-0.047
无平滑,2.2786e-05,0.010218,0.3715,-0.0561
无DFL,2.1861e-05,0.009623,0.4171,-0.4018
