区域,ln_DFI系数,标准误,t值,p值,样本数
东部,-0.046371,0.021575,-2.1493,0.033927,120
中部,-0.037515,0.022904,-1.6379,0.10667,72
西部,-0.044427,0.023357,-1.9021,0.059665,132
