变量,VIF,判断
ln_DFI,10.223925713556627,VIF=10.2>10
IS,4.3632786574188485,通过
Infra,5.255205599155591,通过
Gov,1.014166463156904,通过
Open,1.0108482576405078,通过
HC,7.561060255049903,通过
