name,avg_ret,vol_annual,rpv_annual,rpv_daily,avg_turnover,sharpe_net,max_dd,cum_ret
等权重,-0.0005067456812844706,0.13602617727289934,0.01687986541455638,6.698359291490626e-05,0.0,-0.9387892407465928,-0.2183753216845538,-0.1790865761795466
VAR,-0.00015868737801678104,0.1262190984182371,0.0161361747558625,6.403243950739088e-05,3.050801047355822,-0.9259340277032599,-0.20788597528879318,-0.06656938956008474
Sparse VAR,-8.238601851266552e-05,0.10575658972379627,0.01079300567198997,4.2829387587261784e-05,0.2403205669644286,-0.25357919696976894,-0.13787930672854393,-0.03714234398025262
Sparse VARX,-9.035209672635629e-05,0.10529672096460528,0.010646045625271858,4.2246212798697854e-05,0.28256101377246806,-0.2838624639199635,-0.1382737339949003,-0.03984934286356734
Network VARX,-0.0001050400166184789,0.10339669471880437,0.010091017046188424,4.0043718437255646e-05,0.3543682446789084,-0.3423828832299862,-0.1338418440501642,-0.04467041187156073
+Smooth,-0.00012034030658882382,0.10162783689327737,0.009622924860692324,3.818620976465208e-05,0.4170663754427293,-0.4018256516793492,-0.13525124152495394,-0.04970143913092795
DFL VARX,1.4137505714770425e-05,0.10333322066139143,0.010217720323993729,4.0546509222197335e-05,0.37149126635971563,-0.05612047318638456,-0.12622298328180834,-0.002534133186011922
LSTM,-0.0002563854921079306,0.4742120749371328,0.8095445776627144,0.003212478482788549,8.878576720875754,-0.6148030240489621,-0.39323191538414903,-0.2332705530134369
