model,mean_val_mse,mean_turnover_econ,mean_sparsity,mean_n_alive
M3,1.888298790906854e-05,1.1250907134662629,0.9702725393955051,13809.0
M3a,1.8074852867474184e-05,1.0143094424875894,0.9798910703521915,9341.0
M4,1.8029181552935693e-05,1.0008417834713745,0.9885631045667213,5312.666666666667
