Model,Name,MSE,MAE,Sparsity,Turnover,FitTime_s,DM_stat,DM_pvalue,MCS_rank,DM_log10_p
1,VAR,9.757763009944576e-05,0.007684799285741228,1.952311536859642e-05,3.050801047355822,0.9,,,6,
2,Sparse VAR,2.256181505078954e-05,0.00354224837482769,0.9716806365403304,0.2826163783615493,5.2,-40.26011849715067,0.0,4,-353.67220169082526
3,Sparse VARX,2.25435146816885e-05,0.0035415450783235626,0.971919400671661,0.28256101377246806,5.0,-40.27552470635621,0.0,3,-353.9417928598326
4,Network VARX,2.1155036741223602e-05,0.003435558312801369,0.9893459915611814,0.3543682446789084,7.0,-41.27117858555757,0.0,1,-371.5830678790695
5,Network+Smooth,2.1860709420576558e-05,0.003523936674814721,0.9730173081890984,0.4170663754427293,12.5,-41.778946703553856,0.0,2,-380.74551619591847
6,DFL VARX,2.278603840059039e-05,0.0036174289100599217,,0.37149126635971563,,-40.26418846680642,0.0,5,-353.74341152617325
7,LSTM,0.36977290906504695,0.043988232630208415,,26.853990155186594,240.9,1.0057700671354242,0.31452618926229814,7,-0.5023431868528557
